<!DOCTYPE install PUBLIC "-//Joomla! 1.5//DTD plugin 1.0//EN" "http://www.joomla.org/xml/dtd/1.5/plugin-install.dtd">
<install version="1.5" type="plugin" group="system">
	<name>System - virtualdomains</name>
	<creationDate>March 2011</creationDate>	
	<author>Michael Liebler</author>
	<authorEmail>michael-liebler@janguo.de</authorEmail>
	<authorUrl>www.janguo.de</authorUrl>
	<copyright>Copyright (C) 2008 Open Source Matters. All rights reserved.</copyright>
	<license>http://www.gnu.org/licenses/gpl-2.0.html GNU/GPL</license>
	<version>1.5</version>
	<description>Run virtual domains with different contents from a single Joomla! instance</description>
	<files>
		<filename plugin="virtualdomains">virtualdomains.php</filename>
	</files>
	<params>
		<param name="std_domain" type="text" default="www.mydomain.tld" label="Default Domain" description="The Default Domain" />
		<param name="noreroute" type="radio" default="" label="Change only template" description="Use Virtual Domains as template switcher only">
			<option value="">No, point to a menu item</option>
			<option value="1">Yes, only template</option>
		</param>	
	</params>
	<config>
		<fields name="params">

			<fieldset name="basic">
				<field name="std_domain" type="text" default="www.mydomain.tld" label="Default Domain" description="The Default Domain" />

					<field name="noreroute" type="radio" default="" label="Change only template" description="Use Virtual Domains as template switcher only" >
					<option value="">No, point to a menu item</option>
					<option value="1">Yes, only template</option>
				</field>
			</fieldset>
		</fields>
	</config>	
</install>