<?xml version="1.0" encoding="UTF-8" ?>
<extension type="package" version="1.6">
	<name>Virtual Domains</name>
	<packagename>virtualdomains</packagename>
	<version>0.4 Chekov</version>
	<url>http://www.janguo.de</url>
	<packager>Michael Liebler</packager>
	<packagerurl>http://www.janguo.de</packagerurl>
	<description>Package Virtual Domains. Multi Domain Support for Joomla.</description>
	<update>http://www.janguo.de</update>
	<files folder="packages">
		<file type="component" id="com_virtualdomains" >com_virtualdomains.zip</file>
		<file type="plugin" id="virtualdomains" group="system">plg_virtualdomains.zip</file>
	</files>
</extension>
